Model,MAE,MSE,R2 Score
Linear Regression,4181.194473753652,33596915.85136148,0.7835929767120722
Decision Tree,3114.1529092761198,40795333.45408598,0.7372259788399772
